time,sleeping,sleeping_nodes,switching_on,switching_on_nodes,switching_off,switching_off_nodes,idle,idle_nodes,computing,computing_nodes,unavailable,current_time
0,0,[],0,[],0,[],16,"[0, 1, 2, 3, 4, 5, 6, 7, 8, 9, 10, 11, 12, 13, 14, 15]",0,[],0,
0,0,[],0,[],0,[],16,"[0, 1, 2, 3, 4, 5, 6, 7, 8, 9, 10, 11, 12, 13, 14, 15]",0,[],0,2.0
0,0,[],0,[],0,[],16,"[0, 1, 2, 3, 4, 5, 6, 7, 8, 9, 10, 11, 12, 13, 14, 15]",0,[],0,3.0
0,0,[],0,[],0,[],16,"[0, 1, 2, 3, 4, 5, 6, 7, 8, 9, 10, 11, 12, 13, 14, 15]",0,[],0,4.0
0,0,[],0,[],0,[],16,"[0, 1, 2, 3, 4, 5, 6, 7, 8, 9, 10, 11, 12, 13, 14, 15]",0,[],0,21.0
0,0,[],0,[],0,[],16,"[0, 1, 2, 3, 4, 5, 6, 7, 8, 9, 10, 11, 12, 13, 14, 15]",0,[],0,151.0
0,0,[],0,[],0,[],16,"[0, 1, 2, 3, 4, 5, 6, 7, 8, 9, 10, 11, 12, 13, 14, 15]",0,[],0,151.0
0,0,[],0,[],0,[],16,"[0, 1, 2, 3, 4, 5, 6, 7, 8, 9, 10, 11, 12, 13, 14, 15]",0,[],0,153.0
0,0,[],0,[],0,[],16,"[0, 1, 2, 3, 4, 5, 6, 7, 8, 9, 10, 11, 12, 13, 14, 15]",0,[],0,153.0
0,0,[],0,[],0,[],16,"[0, 1, 2, 3, 4, 5, 6, 7, 8, 9, 10, 11, 12, 13, 14, 15]",0,[],0,154.0
0,0,[],0,[],0,[],16,"[0, 1, 2, 3, 4, 5, 6, 7, 8, 9, 10, 11, 12, 13, 14, 15]",0,[],0,154.0
0,0,[],0,[],0,[],16,"[0, 1, 2, 3, 4, 5, 6, 7, 8, 9, 10, 11, 12, 13, 14, 15]",0,[],0,171.0
0,0,[],0,[],0,[],16,"[0, 1, 2, 3, 4, 5, 6, 7, 8, 9, 10, 11, 12, 13, 14, 15]",0,[],0,300.0
0,0,[],0,[],0,[],16,"[0, 1, 2, 3, 4, 5, 6, 7, 8, 9, 10, 11, 12, 13, 14, 15]",0,[],0,300.0
0,0,[],0,[],0,[],16,"[0, 1, 2, 3, 4, 5, 6, 7, 8, 9, 10, 11, 12, 13, 14, 15]",0,[],0,304.0
0,0,[],0,[],0,[],16,"[0, 1, 2, 3, 4, 5, 6, 7, 8, 9, 10, 11, 12, 13, 14, 15]",0,[],0,304.0
0,0,[],0,[],0,[],16,"[0, 1, 2, 3, 4, 5, 6, 7, 8, 9, 10, 11, 12, 13, 14, 15]",0,[],0,304.0
0,0,[],0,[],0,[],16,"[0, 1, 2, 3, 4, 5, 6, 7, 8, 9, 10, 11, 12, 13, 14, 15]",0,[],0,304.0
0,0,[],0,[],0,[],16,"[0, 1, 2, 3, 4, 5, 6, 7, 8, 9, 10, 11, 12, 13, 14, 15]",0,[],0,304.0
0,0,[],0,[],0,[],16,"[0, 1, 2, 3, 4, 5, 6, 7, 8, 9, 10, 11, 12, 13, 14, 15]",0,[],0,451.0
0,0,[],0,[],0,[],16,"[0, 1, 2, 3, 4, 5, 6, 7, 8, 9, 10, 11, 12, 13, 14, 15]",0,[],0,451.0
0,0,[],0,[],0,[],16,"[0, 1, 2, 3, 4, 5, 6, 7, 8, 9, 10, 11, 12, 13, 14, 15]",0,[],0,451.0
0,0,[],0,[],0,[],16,"[0, 1, 2, 3, 4, 5, 6, 7, 8, 9, 10, 11, 12, 13, 14, 15]",0,[],0,453.0
0,0,[],0,[],0,[],16,"[0, 1, 2, 3, 4, 5, 6, 7, 8, 9, 10, 11, 12, 13, 14, 15]",0,[],0,453.0
0,0,[],0,[],0,[],16,"[0, 1, 2, 3, 4, 5, 6, 7, 8, 9, 10, 11, 12, 13, 14, 15]",0,[],0,457.0
0,0,[],0,[],0,[],16,"[0, 1, 2, 3, 4, 5, 6, 7, 8, 9, 10, 11, 12, 13, 14, 15]",0,[],0,457.0
0,0,[],0,[],0,[],16,"[0, 1, 2, 3, 4, 5, 6, 7, 8, 9, 10, 11, 12, 13, 14, 15]",0,[],0,603.0
0,0,[],0,[],0,[],16,"[0, 1, 2, 3, 4, 5, 6, 7, 8, 9, 10, 11, 12, 13, 14, 15]",0,[],0,603.0
0,0,[],0,[],0,[],16,"[0, 1, 2, 3, 4, 5, 6, 7, 8, 9, 10, 11, 12, 13, 14, 15]",0,[],0,603.0
0,0,[],0,[],0,[],16,"[0, 1, 2, 3, 4, 5, 6, 7, 8, 9, 10, 11, 12, 13, 14, 15]",0,[],0,604.0
0,0,[],0,[],0,[],16,"[0, 1, 2, 3, 4, 5, 6, 7, 8, 9, 10, 11, 12, 13, 14, 15]",0,[],0,604.0
0,0,[],0,[],0,[],16,"[0, 1, 2, 3, 4, 5, 6, 7, 8, 9, 10, 11, 12, 13, 14, 15]",0,[],0,604.0
0,0,[],0,[],0,[],16,"[0, 1, 2, 3, 4, 5, 6, 7, 8, 9, 10, 11, 12, 13, 14, 15]",0,[],0,607.0
0,0,[],0,[],0,[],16,"[0, 1, 2, 3, 4, 5, 6, 7, 8, 9, 10, 11, 12, 13, 14, 15]",0,[],0,607.0
0,0,[],0,[],0,[],16,"[0, 1, 2, 3, 4, 5, 6, 7, 8, 9, 10, 11, 12, 13, 14, 15]",0,[],0,750.0
0,0,[],0,[],0,[],16,"[0, 1, 2, 3, 4, 5, 6, 7, 8, 9, 10, 11, 12, 13, 14, 15]",0,[],0,753.0
0,0,[],0,[],0,[],16,"[0, 1, 2, 3, 4, 5, 6, 7, 8, 9, 10, 11, 12, 13, 14, 15]",0,[],0,753.0
0,0,[],0,[],0,[],16,"[0, 1, 2, 3, 4, 5, 6, 7, 8, 9, 10, 11, 12, 13, 14, 15]",0,[],0,755.0
0,0,[],0,[],0,[],16,"[0, 1, 2, 3, 4, 5, 6, 7, 8, 9, 10, 11, 12, 13, 14, 15]",0,[],0,755.0
0,0,[],0,[],0,[],16,"[0, 1, 2, 3, 4, 5, 6, 7, 8, 9, 10, 11, 12, 13, 14, 15]",0,[],0,755.0
0,0,[],0,[],0,[],16,"[0, 1, 2, 3, 4, 5, 6, 7, 8, 9, 10, 11, 12, 13, 14, 15]",0,[],0,755.0
0,0,[],0,[],0,[],16,"[0, 1, 2, 3, 4, 5, 6, 7, 8, 9, 10, 11, 12, 13, 14, 15]",0,[],0,758.0
0,0,[],0,[],0,[],16,"[0, 1, 2, 3, 4, 5, 6, 7, 8, 9, 10, 11, 12, 13, 14, 15]",0,[],0,758.0
0,0,[],0,[],0,[],16,"[0, 1, 2, 3, 4, 5, 6, 7, 8, 9, 10, 11, 12, 13, 14, 15]",0,[],0,902.0
0,0,[],0,[],0,[],16,"[0, 1, 2, 3, 4, 5, 6, 7, 8, 9, 10, 11, 12, 13, 14, 15]",0,[],0,902.0
0,0,[],0,[],0,[],16,"[0, 1, 2, 3, 4, 5, 6, 7, 8, 9, 10, 11, 12, 13, 14, 15]",0,[],0,904.0
0,0,[],0,[],0,[],16,"[0, 1, 2, 3, 4, 5, 6, 7, 8, 9, 10, 11, 12, 13, 14, 15]",0,[],0,904.0
0,0,[],0,[],0,[],16,"[0, 1, 2, 3, 4, 5, 6, 7, 8, 9, 10, 11, 12, 13, 14, 15]",0,[],0,905.0
0,0,[],0,[],0,[],16,"[0, 1, 2, 3, 4, 5, 6, 7, 8, 9, 10, 11, 12, 13, 14, 15]",0,[],0,905.0
0,0,[],0,[],0,[],16,"[0, 1, 2, 3, 4, 5, 6, 7, 8, 9, 10, 11, 12, 13, 14, 15]",0,[],0,911.0
0,0,[],0,[],0,[],16,"[0, 1, 2, 3, 4, 5, 6, 7, 8, 9, 10, 11, 12, 13, 14, 15]",0,[],0,911.0
0,0,[],0,[],0,[],16,"[0, 1, 2, 3, 4, 5, 6, 7, 8, 9, 10, 11, 12, 13, 14, 15]",0,[],0,1050.0
0,0,[],0,[],0,[],16,"[0, 1, 2, 3, 4, 5, 6, 7, 8, 9, 10, 11, 12, 13, 14, 15]",0,[],0,1050.0
0,0,[],0,[],0,[],16,"[0, 1, 2, 3, 4, 5, 6, 7, 8, 9, 10, 11, 12, 13, 14, 15]",0,[],0,1055.0
0,0,[],0,[],0,[],16,"[0, 1, 2, 3, 4, 5, 6, 7, 8, 9, 10, 11, 12, 13, 14, 15]",0,[],0,1055.0
0,0,[],0,[],0,[],16,"[0, 1, 2, 3, 4, 5, 6, 7, 8, 9, 10, 11, 12, 13, 14, 15]",0,[],0,1055.0
0,0,[],0,[],0,[],16,"[0, 1, 2, 3, 4, 5, 6, 7, 8, 9, 10, 11, 12, 13, 14, 15]",0,[],0,1057.0
0,0,[],0,[],0,[],16,"[0, 1, 2, 3, 4, 5, 6, 7, 8, 9, 10, 11, 12, 13, 14, 15]",0,[],0,1057.0
0,0,[],0,[],0,[],16,"[0, 1, 2, 3, 4, 5, 6, 7, 8, 9, 10, 11, 12, 13, 14, 15]",0,[],0,1200.0
0,0,[],0,[],0,[],16,"[0, 1, 2, 3, 4, 5, 6, 7, 8, 9, 10, 11, 12, 13, 14, 15]",0,[],0,1200.0
0,0,[],0,[],0,[],16,"[0, 1, 2, 3, 4, 5, 6, 7, 8, 9, 10, 11, 12, 13, 14, 15]",0,[],0,1203.0
0,0,[],0,[],0,[],16,"[0, 1, 2, 3, 4, 5, 6, 7, 8, 9, 10, 11, 12, 13, 14, 15]",0,[],0,1203.0
0,0,[],0,[],0,[],16,"[0, 1, 2, 3, 4, 5, 6, 7, 8, 9, 10, 11, 12, 13, 14, 15]",0,[],0,1210.0
0,0,[],0,[],0,[],16,"[0, 1, 2, 3, 4, 5, 6, 7, 8, 9, 10, 11, 12, 13, 14, 15]",0,[],0,1210.0
0,0,[],0,[],0,[],16,"[0, 1, 2, 3, 4, 5, 6, 7, 8, 9, 10, 11, 12, 13, 14, 15]",0,[],0,1210.0
0,0,[],0,[],0,[],16,"[0, 1, 2, 3, 4, 5, 6, 7, 8, 9, 10, 11, 12, 13, 14, 15]",0,[],0,1349.0
0,0,[],0,[],0,[],16,"[0, 1, 2, 3, 4, 5, 6, 7, 8, 9, 10, 11, 12, 13, 14, 15]",0,[],0,1351.0
0,0,[],0,[],0,[],16,"[0, 1, 2, 3, 4, 5, 6, 7, 8, 9, 10, 11, 12, 13, 14, 15]",0,[],0,1351.0
0,0,[],0,[],0,[],16,"[0, 1, 2, 3, 4, 5, 6, 7, 8, 9, 10, 11, 12, 13, 14, 15]",0,[],0,1360.0
0,0,[],0,[],0,[],16,"[0, 1, 2, 3, 4, 5, 6, 7, 8, 9, 10, 11, 12, 13, 14, 15]",0,[],0,1360.0
0,0,[],0,[],0,[],16,"[0, 1, 2, 3, 4, 5, 6, 7, 8, 9, 10, 11, 12, 13, 14, 15]",0,[],0,1361.0
0,0,[],0,[],0,[],16,"[0, 1, 2, 3, 4, 5, 6, 7, 8, 9, 10, 11, 12, 13, 14, 15]",0,[],0,1361.0
0,0,[],0,[],0,[],16,"[0, 1, 2, 3, 4, 5, 6, 7, 8, 9, 10, 11, 12, 13, 14, 15]",0,[],0,1499.0
0,0,[],0,[],0,[],16,"[0, 1, 2, 3, 4, 5, 6, 7, 8, 9, 10, 11, 12, 13, 14, 15]",0,[],0,1499.0
0,0,[],0,[],0,[],16,"[0, 1, 2, 3, 4, 5, 6, 7, 8, 9, 10, 11, 12, 13, 14, 15]",0,[],0,1510.0
0,0,[],0,[],0,[],16,"[0, 1, 2, 3, 4, 5, 6, 7, 8, 9, 10, 11, 12, 13, 14, 15]",0,[],0,1510.0
0,0,[],0,[],0,[],16,"[0, 1, 2, 3, 4, 5, 6, 7, 8, 9, 10, 11, 12, 13, 14, 15]",0,[],0,1516.0
0,0,[],0,[],0,[],16,"[0, 1, 2, 3, 4, 5, 6, 7, 8, 9, 10, 11, 12, 13, 14, 15]",0,[],0,1516.0
0,0,[],0,[],0,[],16,"[0, 1, 2, 3, 4, 5, 6, 7, 8, 9, 10, 11, 12, 13, 14, 15]",0,[],0,1650.0
0,0,[],0,[],0,[],16,"[0, 1, 2, 3, 4, 5, 6, 7, 8, 9, 10, 11, 12, 13, 14, 15]",0,[],0,1650.0
0,0,[],0,[],0,[],16,"[0, 1, 2, 3, 4, 5, 6, 7, 8, 9, 10, 11, 12, 13, 14, 15]",0,[],0,1661.0
0,0,[],0,[],0,[],16,"[0, 1, 2, 3, 4, 5, 6, 7, 8, 9, 10, 11, 12, 13, 14, 15]",0,[],0,1661.0
0,0,[],0,[],0,[],16,"[0, 1, 2, 3, 4, 5, 6, 7, 8, 9, 10, 11, 12, 13, 14, 15]",0,[],0,1666.0
0,0,[],0,[],0,[],16,"[0, 1, 2, 3, 4, 5, 6, 7, 8, 9, 10, 11, 12, 13, 14, 15]",0,[],0,1666.0
0,0,[],0,[],0,[],16,"[0, 1, 2, 3, 4, 5, 6, 7, 8, 9, 10, 11, 12, 13, 14, 15]",0,[],0,1800.0
0,0,[],0,[],0,[],16,"[0, 1, 2, 3, 4, 5, 6, 7, 8, 9, 10, 11, 12, 13, 14, 15]",0,[],0,1800.0
0,0,[],0,[],0,[],16,"[0, 1, 2, 3, 4, 5, 6, 7, 8, 9, 10, 11, 12, 13, 14, 15]",0,[],0,1809.0
0,0,[],0,[],0,[],16,"[0, 1, 2, 3, 4, 5, 6, 7, 8, 9, 10, 11, 12, 13, 14, 15]",0,[],0,1809.0
0,0,[],0,[],0,[],16,"[0, 1, 2, 3, 4, 5, 6, 7, 8, 9, 10, 11, 12, 13, 14, 15]",0,[],0,1809.0
0,0,[],0,[],0,[],16,"[0, 1, 2, 3, 4, 5, 6, 7, 8, 9, 10, 11, 12, 13, 14, 15]",0,[],0,1816.0
0,0,[],0,[],0,[],16,"[0, 1, 2, 3, 4, 5, 6, 7, 8, 9, 10, 11, 12, 13, 14, 15]",0,[],0,1816.0
0,0,[],0,[],0,[],16,"[0, 1, 2, 3, 4, 5, 6, 7, 8, 9, 10, 11, 12, 13, 14, 15]",0,[],0,1953.0
0,0,[],0,[],0,[],16,"[0, 1, 2, 3, 4, 5, 6, 7, 8, 9, 10, 11, 12, 13, 14, 15]",0,[],0,1957.0
0,0,[],0,[],0,[],16,"[0, 1, 2, 3, 4, 5, 6, 7, 8, 9, 10, 11, 12, 13, 14, 15]",0,[],0,1957.0
0,0,[],0,[],0,[],16,"[0, 1, 2, 3, 4, 5, 6, 7, 8, 9, 10, 11, 12, 13, 14, 15]",0,[],0,1961.0
0,0,[],0,[],0,[],16,"[0, 1, 2, 3, 4, 5, 6, 7, 8, 9, 10, 11, 12, 13, 14, 15]",0,[],0,1961.0
0,0,[],0,[],0,[],16,"[0, 1, 2, 3, 4, 5, 6, 7, 8, 9, 10, 11, 12, 13, 14, 15]",0,[],0,1964.0
0,0,[],0,[],0,[],16,"[0, 1, 2, 3, 4, 5, 6, 7, 8, 9, 10, 11, 12, 13, 14, 15]",0,[],0,1964.0
0,0,[],0,[],0,[],16,"[0, 1, 2, 3, 4, 5, 6, 7, 8, 9, 10, 11, 12, 13, 14, 15]",0,[],0,2103.0
0,0,[],0,[],0,[],16,"[0, 1, 2, 3, 4, 5, 6, 7, 8, 9, 10, 11, 12, 13, 14, 15]",0,[],0,2103.0
0,0,[],0,[],0,[],16,"[0, 1, 2, 3, 4, 5, 6, 7, 8, 9, 10, 11, 12, 13, 14, 15]",0,[],0,2103.0
0,0,[],0,[],0,[],16,"[0, 1, 2, 3, 4, 5, 6, 7, 8, 9, 10, 11, 12, 13, 14, 15]",0,[],0,2109.0
0,0,[],0,[],0,[],16,"[0, 1, 2, 3, 4, 5, 6, 7, 8, 9, 10, 11, 12, 13, 14, 15]",0,[],0,2109.0
0,0,[],0,[],0,[],16,"[0, 1, 2, 3, 4, 5, 6, 7, 8, 9, 10, 11, 12, 13, 14, 15]",0,[],0,2109.0
0,0,[],0,[],0,[],16,"[0, 1, 2, 3, 4, 5, 6, 7, 8, 9, 10, 11, 12, 13, 14, 15]",0,[],0,2109.0
0,0,[],0,[],0,[],16,"[0, 1, 2, 3, 4, 5, 6, 7, 8, 9, 10, 11, 12, 13, 14, 15]",0,[],0,2252.0
0,0,[],0,[],0,[],16,"[0, 1, 2, 3, 4, 5, 6, 7, 8, 9, 10, 11, 12, 13, 14, 15]",0,[],0,2252.0
0,0,[],0,[],0,[],16,"[0, 1, 2, 3, 4, 5, 6, 7, 8, 9, 10, 11, 12, 13, 14, 15]",0,[],0,2253.0
0,0,[],0,[],0,[],16,"[0, 1, 2, 3, 4, 5, 6, 7, 8, 9, 10, 11, 12, 13, 14, 15]",0,[],0,2253.0
0,0,[],0,[],0,[],16,"[0, 1, 2, 3, 4, 5, 6, 7, 8, 9, 10, 11, 12, 13, 14, 15]",0,[],0,2259.0
0,0,[],0,[],0,[],16,"[0, 1, 2, 3, 4, 5, 6, 7, 8, 9, 10, 11, 12, 13, 14, 15]",0,[],0,2259.0
0,0,[],0,[],0,[],16,"[0, 1, 2, 3, 4, 5, 6, 7, 8, 9, 10, 11, 12, 13, 14, 15]",0,[],0,2260.0
0,0,[],0,[],0,[],16,"[0, 1, 2, 3, 4, 5, 6, 7, 8, 9, 10, 11, 12, 13, 14, 15]",0,[],0,2260.0
0,0,[],0,[],0,[],16,"[0, 1, 2, 3, 4, 5, 6, 7, 8, 9, 10, 11, 12, 13, 14, 15]",0,[],0,2401.0
0,0,[],0,[],0,[],16,"[0, 1, 2, 3, 4, 5, 6, 7, 8, 9, 10, 11, 12, 13, 14, 15]",0,[],0,2402.0
0,0,[],0,[],0,[],16,"[0, 1, 2, 3, 4, 5, 6, 7, 8, 9, 10, 11, 12, 13, 14, 15]",0,[],0,2402.0
0,0,[],0,[],0,[],16,"[0, 1, 2, 3, 4, 5, 6, 7, 8, 9, 10, 11, 12, 13, 14, 15]",0,[],0,2408.0
0,0,[],0,[],0,[],16,"[0, 1, 2, 3, 4, 5, 6, 7, 8, 9, 10, 11, 12, 13, 14, 15]",0,[],0,2408.0
0,0,[],0,[],0,[],16,"[0, 1, 2, 3, 4, 5, 6, 7, 8, 9, 10, 11, 12, 13, 14, 15]",0,[],0,2410.0
0,0,[],0,[],0,[],16,"[0, 1, 2, 3, 4, 5, 6, 7, 8, 9, 10, 11, 12, 13, 14, 15]",0,[],0,2410.0
0,0,[],0,[],0,[],16,"[0, 1, 2, 3, 4, 5, 6, 7, 8, 9, 10, 11, 12, 13, 14, 15]",0,[],0,2553.0
0,0,[],0,[],0,[],16,"[0, 1, 2, 3, 4, 5, 6, 7, 8, 9, 10, 11, 12, 13, 14, 15]",0,[],0,2553.0
0,0,[],0,[],0,[],16,"[0, 1, 2, 3, 4, 5, 6, 7, 8, 9, 10, 11, 12, 13, 14, 15]",0,[],0,2559.0
0,0,[],0,[],0,[],16,"[0, 1, 2, 3, 4, 5, 6, 7, 8, 9, 10, 11, 12, 13, 14, 15]",0,[],0,2559.0
0,0,[],0,[],0,[],16,"[0, 1, 2, 3, 4, 5, 6, 7, 8, 9, 10, 11, 12, 13, 14, 15]",0,[],0,2559.0
0,0,[],0,[],0,[],16,"[0, 1, 2, 3, 4, 5, 6, 7, 8, 9, 10, 11, 12, 13, 14, 15]",0,[],0,2559.0
0,0,[],0,[],0,[],16,"[0, 1, 2, 3, 4, 5, 6, 7, 8, 9, 10, 11, 12, 13, 14, 15]",0,[],0,2701.0
0,0,[],0,[],0,[],16,"[0, 1, 2, 3, 4, 5, 6, 7, 8, 9, 10, 11, 12, 13, 14, 15]",0,[],0,2701.0
0,0,[],0,[],0,[],16,"[0, 1, 2, 3, 4, 5, 6, 7, 8, 9, 10, 11, 12, 13, 14, 15]",0,[],0,2707.0
0,0,[],0,[],0,[],16,"[0, 1, 2, 3, 4, 5, 6, 7, 8, 9, 10, 11, 12, 13, 14, 15]",0,[],0,2707.0
0,0,[],0,[],0,[],16,"[0, 1, 2, 3, 4, 5, 6, 7, 8, 9, 10, 11, 12, 13, 14, 15]",0,[],0,2707.0
0,0,[],0,[],0,[],16,"[0, 1, 2, 3, 4, 5, 6, 7, 8, 9, 10, 11, 12, 13, 14, 15]",0,[],0,2713.0
0,0,[],0,[],0,[],16,"[0, 1, 2, 3, 4, 5, 6, 7, 8, 9, 10, 11, 12, 13, 14, 15]",0,[],0,2713.0
0,0,[],0,[],0,[],16,"[0, 1, 2, 3, 4, 5, 6, 7, 8, 9, 10, 11, 12, 13, 14, 15]",0,[],0,2850.0
0,0,[],0,[],0,[],16,"[0, 1, 2, 3, 4, 5, 6, 7, 8, 9, 10, 11, 12, 13, 14, 15]",0,[],0,2850.0
0,0,[],0,[],0,[],16,"[0, 1, 2, 3, 4, 5, 6, 7, 8, 9, 10, 11, 12, 13, 14, 15]",0,[],0,2857.0
0,0,[],0,[],0,[],16,"[0, 1, 2, 3, 4, 5, 6, 7, 8, 9, 10, 11, 12, 13, 14, 15]",0,[],0,2857.0
0,0,[],0,[],0,[],16,"[0, 1, 2, 3, 4, 5, 6, 7, 8, 9, 10, 11, 12, 13, 14, 15]",0,[],0,2858.0
0,0,[],0,[],0,[],16,"[0, 1, 2, 3, 4, 5, 6, 7, 8, 9, 10, 11, 12, 13, 14, 15]",0,[],0,2858.0
0,0,[],0,[],0,[],16,"[0, 1, 2, 3, 4, 5, 6, 7, 8, 9, 10, 11, 12, 13, 14, 15]",0,[],0,2861.0
0,0,[],0,[],0,[],16,"[0, 1, 2, 3, 4, 5, 6, 7, 8, 9, 10, 11, 12, 13, 14, 15]",0,[],0,2861.0
0,0,[],0,[],0,[],16,"[0, 1, 2, 3, 4, 5, 6, 7, 8, 9, 10, 11, 12, 13, 14, 15]",0,[],0,3000.0
0,0,[],0,[],0,[],16,"[0, 1, 2, 3, 4, 5, 6, 7, 8, 9, 10, 11, 12, 13, 14, 15]",0,[],0,3005.0
0,0,[],0,[],0,[],16,"[0, 1, 2, 3, 4, 5, 6, 7, 8, 9, 10, 11, 12, 13, 14, 15]",0,[],0,3005.0
0,0,[],0,[],0,[],16,"[0, 1, 2, 3, 4, 5, 6, 7, 8, 9, 10, 11, 12, 13, 14, 15]",0,[],0,3008.0
0,0,[],0,[],0,[],16,"[0, 1, 2, 3, 4, 5, 6, 7, 8, 9, 10, 11, 12, 13, 14, 15]",0,[],0,3008.0
0,0,[],0,[],0,[],16,"[0, 1, 2, 3, 4, 5, 6, 7, 8, 9, 10, 11, 12, 13, 14, 15]",0,[],0,3009.0
0,0,[],0,[],0,[],16,"[0, 1, 2, 3, 4, 5, 6, 7, 8, 9, 10, 11, 12, 13, 14, 15]",0,[],0,3009.0
0,0,[],0,[],0,[],16,"[0, 1, 2, 3, 4, 5, 6, 7, 8, 9, 10, 11, 12, 13, 14, 15]",0,[],0,3153.0
0,0,[],0,[],0,[],16,"[0, 1, 2, 3, 4, 5, 6, 7, 8, 9, 10, 11, 12, 13, 14, 15]",0,[],0,3153.0
0,0,[],0,[],0,[],16,"[0, 1, 2, 3, 4, 5, 6, 7, 8, 9, 10, 11, 12, 13, 14, 15]",0,[],0,3156.0
0,0,[],0,[],0,[],16,"[0, 1, 2, 3, 4, 5, 6, 7, 8, 9, 10, 11, 12, 13, 14, 15]",0,[],0,3156.0
0,0,[],0,[],0,[],16,"[0, 1, 2, 3, 4, 5, 6, 7, 8, 9, 10, 11, 12, 13, 14, 15]",0,[],0,3162.0
0,0,[],0,[],0,[],16,"[0, 1, 2, 3, 4, 5, 6, 7, 8, 9, 10, 11, 12, 13, 14, 15]",0,[],0,3162.0
0,0,[],0,[],0,[],16,"[0, 1, 2, 3, 4, 5, 6, 7, 8, 9, 10, 11, 12, 13, 14, 15]",0,[],0,3305.0
0,0,[],0,[],0,[],16,"[0, 1, 2, 3, 4, 5, 6, 7, 8, 9, 10, 11, 12, 13, 14, 15]",0,[],0,3305.0
0,0,[],0,[],0,[],16,"[0, 1, 2, 3, 4, 5, 6, 7, 8, 9, 10, 11, 12, 13, 14, 15]",0,[],0,3307.0
0,0,[],0,[],0,[],16,"[0, 1, 2, 3, 4, 5, 6, 7, 8, 9, 10, 11, 12, 13, 14, 15]",0,[],0,3307.0
0,0,[],0,[],0,[],16,"[0, 1, 2, 3, 4, 5, 6, 7, 8, 9, 10, 11, 12, 13, 14, 15]",0,[],0,3315.0
0,0,[],0,[],0,[],16,"[0, 1, 2, 3, 4, 5, 6, 7, 8, 9, 10, 11, 12, 13, 14, 15]",0,[],0,3315.0
0,0,[],0,[],0,[],16,"[0, 1, 2, 3, 4, 5, 6, 7, 8, 9, 10, 11, 12, 13, 14, 15]",0,[],0,3452.0
0,0,[],0,[],0,[],16,"[0, 1, 2, 3, 4, 5, 6, 7, 8, 9, 10, 11, 12, 13, 14, 15]",0,[],0,3452.0
0,0,[],0,[],0,[],16,"[0, 1, 2, 3, 4, 5, 6, 7, 8, 9, 10, 11, 12, 13, 14, 15]",0,[],0,3459.0
0,0,[],0,[],0,[],16,"[0, 1, 2, 3, 4, 5, 6, 7, 8, 9, 10, 11, 12, 13, 14, 15]",0,[],0,3459.0
0,0,[],0,[],0,[],16,"[0, 1, 2, 3, 4, 5, 6, 7, 8, 9, 10, 11, 12, 13, 14, 15]",0,[],0,3464.0
0,0,[],0,[],0,[],16,"[0, 1, 2, 3, 4, 5, 6, 7, 8, 9, 10, 11, 12, 13, 14, 15]",0,[],0,3464.0
0,0,[],0,[],0,[],16,"[0, 1, 2, 3, 4, 5, 6, 7, 8, 9, 10, 11, 12, 13, 14, 15]",0,[],0,3602.0
0,0,[],0,[],0,[],16,"[0, 1, 2, 3, 4, 5, 6, 7, 8, 9, 10, 11, 12, 13, 14, 15]",0,[],0,3602.0
0,0,[],0,[],0,[],16,"[0, 1, 2, 3, 4, 5, 6, 7, 8, 9, 10, 11, 12, 13, 14, 15]",0,[],0,3613.0
0,0,[],0,[],0,[],16,"[0, 1, 2, 3, 4, 5, 6, 7, 8, 9, 10, 11, 12, 13, 14, 15]",0,[],0,3613.0
0,0,[],0,[],0,[],16,"[0, 1, 2, 3, 4, 5, 6, 7, 8, 9, 10, 11, 12, 13, 14, 15]",0,[],0,3617.0
0,0,[],0,[],0,[],16,"[0, 1, 2, 3, 4, 5, 6, 7, 8, 9, 10, 11, 12, 13, 14, 15]",0,[],0,3617.0
0,0,[],0,[],0,[],16,"[0, 1, 2, 3, 4, 5, 6, 7, 8, 9, 10, 11, 12, 13, 14, 15]",0,[],0,3617.0
0,0,[],0,[],0,[],16,"[0, 1, 2, 3, 4, 5, 6, 7, 8, 9, 10, 11, 12, 13, 14, 15]",0,[],0,3750.0
0,0,[],0,[],0,[],16,"[0, 1, 2, 3, 4, 5, 6, 7, 8, 9, 10, 11, 12, 13, 14, 15]",0,[],0,3766.0
0,0,[],0,[],0,[],16,"[0, 1, 2, 3, 4, 5, 6, 7, 8, 9, 10, 11, 12, 13, 14, 15]",0,[],0,3766.0
0,0,[],0,[],0,[],16,"[0, 1, 2, 3, 4, 5, 6, 7, 8, 9, 10, 11, 12, 13, 14, 15]",0,[],0,3767.0
0,0,[],0,[],0,[],16,"[0, 1, 2, 3, 4, 5, 6, 7, 8, 9, 10, 11, 12, 13, 14, 15]",0,[],0,3767.0
0,0,[],0,[],0,[],16,"[0, 1, 2, 3, 4, 5, 6, 7, 8, 9, 10, 11, 12, 13, 14, 15]",0,[],0,3768.0
0,0,[],0,[],0,[],16,"[0, 1, 2, 3, 4, 5, 6, 7, 8, 9, 10, 11, 12, 13, 14, 15]",0,[],0,3768.0
0,0,[],0,[],0,[],16,"[0, 1, 2, 3, 4, 5, 6, 7, 8, 9, 10, 11, 12, 13, 14, 15]",0,[],0,3914.0
0,0,[],0,[],0,[],16,"[0, 1, 2, 3, 4, 5, 6, 7, 8, 9, 10, 11, 12, 13, 14, 15]",0,[],0,3914.0
0,0,[],0,[],0,[],16,"[0, 1, 2, 3, 4, 5, 6, 7, 8, 9, 10, 11, 12, 13, 14, 15]",0,[],0,3919.0
0,0,[],0,[],0,[],16,"[0, 1, 2, 3, 4, 5, 6, 7, 8, 9, 10, 11, 12, 13, 14, 15]",0,[],0,3919.0
0,0,[],0,[],0,[],16,"[0, 1, 2, 3, 4, 5, 6, 7, 8, 9, 10, 11, 12, 13, 14, 15]",0,[],0,3921.0
0,0,[],0,[],0,[],16,"[0, 1, 2, 3, 4, 5, 6, 7, 8, 9, 10, 11, 12, 13, 14, 15]",0,[],0,3921.0
0,0,[],0,[],0,[],16,"[0, 1, 2, 3, 4, 5, 6, 7, 8, 9, 10, 11, 12, 13, 14, 15]",0,[],0,4062.0
0,0,[],0,[],0,[],16,"[0, 1, 2, 3, 4, 5, 6, 7, 8, 9, 10, 11, 12, 13, 14, 15]",0,[],0,4062.0
0,0,[],0,[],0,[],16,"[0, 1, 2, 3, 4, 5, 6, 7, 8, 9, 10, 11, 12, 13, 14, 15]",0,[],0,4069.0
0,0,[],0,[],0,[],16,"[0, 1, 2, 3, 4, 5, 6, 7, 8, 9, 10, 11, 12, 13, 14, 15]",0,[],0,4069.0
0,0,[],0,[],0,[],16,"[0, 1, 2, 3, 4, 5, 6, 7, 8, 9, 10, 11, 12, 13, 14, 15]",0,[],0,4071.0
0,0,[],0,[],0,[],16,"[0, 1, 2, 3, 4, 5, 6, 7, 8, 9, 10, 11, 12, 13, 14, 15]",0,[],0,4071.0
0,0,[],0,[],0,[],16,"[0, 1, 2, 3, 4, 5, 6, 7, 8, 9, 10, 11, 12, 13, 14, 15]",0,[],0,4210.0
0,0,[],0,[],0,[],16,"[0, 1, 2, 3, 4, 5, 6, 7, 8, 9, 10, 11, 12, 13, 14, 15]",0,[],0,4210.0
0,0,[],0,[],0,[],16,"[0, 1, 2, 3, 4, 5, 6, 7, 8, 9, 10, 11, 12, 13, 14, 15]",0,[],0,4217.0
0,0,[],0,[],0,[],16,"[0, 1, 2, 3, 4, 5, 6, 7, 8, 9, 10, 11, 12, 13, 14, 15]",0,[],0,4217.0
0,0,[],0,[],0,[],16,"[0, 1, 2, 3, 4, 5, 6, 7, 8, 9, 10, 11, 12, 13, 14, 15]",0,[],0,4223.0
0,0,[],0,[],0,[],16,"[0, 1, 2, 3, 4, 5, 6, 7, 8, 9, 10, 11, 12, 13, 14, 15]",0,[],0,4223.0
0,0,[],0,[],0,[],16,"[0, 1, 2, 3, 4, 5, 6, 7, 8, 9, 10, 11, 12, 13, 14, 15]",0,[],0,4358.0
0,0,[],0,[],0,[],16,"[0, 1, 2, 3, 4, 5, 6, 7, 8, 9, 10, 11, 12, 13, 14, 15]",0,[],0,4366.0
0,0,[],0,[],0,[],16,"[0, 1, 2, 3, 4, 5, 6, 7, 8, 9, 10, 11, 12, 13, 14, 15]",0,[],0,4372.0
